<?xml version="1.0" ?>
 <!DOCTYPE people SYSTEM "http://www.cs.stir.ac.uk/~rcc/xml_egs/people/people.dtd">
 <?xml-stylesheet type="text/xsl" href="person.xsl"?>
 <!-- Sample XML file -->

<people xmlns:t="http://www.cs.stir.ac.uk/~test/people" xmlns:x="http://www.cs.stir.ac.uk/~test/hamster">
	<t:person>
		<t:first_name>John</t:first_name>
		<t:surname>Smith</t:surname>
		<age>29</age>
		<town>Stirling</town>
	</t:person>
	<t:person>
		<t:first_name>Sarah</t:first_name>
		<t:surname>Brown</t:surname>
		<age>33</age>
		<town>Falkirk</town>
	</t:person>
	<t:person>
		<t:name>Eric Pickles</t:name>
		<date_of_birth>01/02/78</date_of_birth>
		<passport_number>45687321</passport_number>
		<shoe_size>10.5</shoe_size>
		<x:hamster>
			<x:name>Freddie the Hamster</x:name>
		</x:hamster>
	</t:person>
	<t:person>
		<t:name>Margot Black</t:name>
		<date_of_birth>04/11/89</date_of_birth>
		<shoe_size>6</shoe_size>
	</t:person>
</people>